2025-08-08T16:55:59.829508,Admin
2025-08-08T16:56:15.684391,Admin
2025-08-08T16:56:19.296891,Admin
2025-08-08T16:56:26.204534,Admin
2025-08-08T16:56:30.891017,Admin
2025-08-08T16:56:36.876418,Admin
2025-08-08T16:58:57.700203,Admin
2025-08-08T16:58:59.772390,Admin
2025-08-08T16:59:34.827748,Admin
2025-08-08T17:01:37.837223,Admin
2025-08-08T17:01:39.027338,Admin
2025-08-08T17:01:47.071410,Admin
2025-08-08T17:01:52.043999,Admin
2025-08-08T17:01:53.721665,Admin
2025-08-08T17:01:56.392354,Admin
2025-08-08T17:02:00.917847,Admin
2025-08-08T17:02:02.895778,Admin
2025-08-08T17:02:04.663249,Admin
